age,income,gender,state
39.96714153011233,77987.10873172004,F,TX
33.61735698828815,68492.67365825537,M,TX
41.47688538100692,51192.60739840348,F,TX
50.23029856408025,37061.26444588852,M,NY
32.658466252766644,63964.4662722718,M,NY
32.6586304305082,57869.707708434995,F,CA
50.79212815507391,67903.86440055465,M,TX
42.67434729152909,62703.43603363939,F,NY
30.305256140650478,70991.05430638671,F,NY
40.42560043585965,39295.29576878864,M,NY
30.365823071875376,76347.88131268651,M,NY
30.34270246429743,53951.99209384799,F,NY
37.41962271566034,91505.21745250531,F,TX
15.86719755342202,36216.243638208645,M,TX
17.750821674869673,84719.27606330499,M,TX
29.377124707590273,53958.21566925295,M,TX
24.87168879665576,36971.63992771103,M,CA
38.142473325952736,40322.28331891357,F,TX
25.91975924478789,43593.0538361136,F,NY
20.876962986647083,58483.31892803833,F,TX
49.65648768921554,60456.70976070999,F,CA
32.74223699513465,38525.99992122842,M,NY
35.67528204687924,49512.90815478034,M,TX
20.752518137865433,92845.40717223728,F,TX
29.556172754748175,84550.86340201422,F,TX
36.10922589709866,58726.47339348064,F,NY
23.490064225776973,50760.069563364006,F,NY
38.75698018345672,52400.62653436523,F,CA
28.99361310081195,62270.35945460833,F,NY
32.083062502067236,29544.148696031887,F,NY
28.98293387770603,44852.4692515331,F,TX
53.522781845089376,16628.3185224482,F,NY
34.86502775262066,57984.46245210559,M,TX
24.422890710441003,62943.91879405482,F,TX
43.22544912103189,40336.27075401252,M,NY
22.791563500289776,81479.73526580066,M,CA
37.08863595004755,25484.68673995318,F,CA
15.403298761202244,20712.5023958036,F,NY
21.718139511015696,54489.03637119944,M,CA
36.96861235869123,70941.9660522431,M,TX
42.38466579995411,83678.55382915738,F,TX
36.7136828118997,40822.3147426212,M,NY
33.843517176117594,71573.61666862591,F,CA
31.988963044107113,49229.83060998585,F,CA
20.214780096325725,46547.45400118361,F,TX
27.801557916052914,67673.19874973345,M,NY
30.393612290402125,63046.45756826839,M,CA
45.57122226218916,18472.15686031501,F,NY
38.43618289568462,79530.80699451792,M,CA
17.36959844637266,77601.82708294904,M,TX
38.24083969394795,37488.74596980941,M,TX
31.149177195836835,57916.07066874818,M,NY
28.230779996940413,59880.60372565478,M,TX
41.11676288840868,55213.47531647814,M,CA
45.30999522495951,38993.8969230916,M,TX
44.31280119116199,36567.53264123897,F,NY
26.607824767773614,49488.91858017109,M,NY
31.907876241487855,73454.58038518729,M,NY
38.31263431403564,60872.00309188865,M,CA
44.75545127122359,42587.713358277884,M,CA
30.2082576215471,65433.974212966896,M,CA
33.14341023336183,-6970.852412601509,M,CA
23.936650259939718,72975.31400744207,M,CA
23.037933759193294,15205.724424438007,M,TX
43.125258223941984,42751.18117193736,F,CA
48.56240028570823,27606.602107477123,M,CA
34.27989878419666,24106.37048558189,M,TX
45.03532897892024,73216.53574757038,M,CA
38.61636025047634,40645.97597376217,M,NY
28.548802453948756,56930.07763461432,F,CA
38.61395605508414,49061.58842241632,F,CA
50.38036566465969,59540.81654446243,F,NY
34.64173960890049,51536.43782120511,F,NY
50.64643655814006,24340.155516228606,F,NY
8.802548959102555,69925.3363889428,F,NY
43.21902504375224,40124.86833677375,F,CA
35.870470682381715,18868.362026804978,F,NY
32.00992649534132,41437.69678068175,F,NY
35.91760776535502,80015.19581268622,F,TX
15.124310853991073,67004.43484226985,F,NY
32.80328112162488,43026.957311842816,F,NY
38.57112571511746,43014.84591363143,F,TX
49.77894044741516,43567.298975652346,F,TX
29.817297817263526,91534.95967121681,F,CA
26.915063971068125,57638.70904463107,F,TX
29.982429564154636,58600.83294382139,M,CA
44.15402117702074,70605.66908063684,F,TX
38.287511096596845,54775.78318053027,M,TX
29.702397962329613,44819.15708358594,F,CA
40.13267433113356,46073.003018300435,F,TX
35.9707754934804,48567.97481171872,M,CA
44.68644990532889,49255.55526980317,F,TX
27.979469061226474,64552.590872739594,M,NY
31.723378534022316,51038.91771614599,M,TX
31.078918468678424,64652.80154431159,M,CA
20.364850518678814,48385.668397828355,F,TX
37.96120277064576,51572.70380632181,F,CA
37.610552721798896,10035.986309357848,F,CA
35.05113456642461,68326.55349404963,M,NY
32.654128666248525,56929.76951795985,M,NY
20.84629257949586,69960.20219719304,F,CA
30.79354677234641,-7925.107563873786,F,TX
31.572854834732304,91767.49409561454,F,CA
26.97722730778381,47208.207436896526,F,CA
33.387142883339905,72163.65633475033,F,TX
39.040508568145384,29201.881457489384,M,TX
53.8618590121053,62255.47810125139,M,TX
36.74577812831839,28931.688736526878,M,TX
37.57550390722764,37524.6207860839,F,CA
34.25554084233833,88280.62707733572,M,CA
15.812287847009586,46186.35198473307,M,NY
34.73486124550783,54348.657463594456,M,CA
35.60230209941027,67401.35461377508,M,TX
59.63242112485286,59913.63775945209,M,NY
33.076390352188774,53008.378102871524,F,TX
38.015473423336125,57299.2200493245,M,CA
34.65288230294757,98068.3117047655,F,NY
23.31321962380468,48847.62405932829,F,TX
46.42822814515021,54021.98093429935,F,NY
42.51933032686774,71013.08792015223,F,NY
42.910319470430466,72110.51865915967,F,CA
25.90612545205261,73740.6061112076,M,TX
49.02794310936099,62774.604440583695,M,NY
20.981489372077192,27139.90174539033,F,NY
40.868570938002705,82668.63064602192,F,TX
56.90455625809979,27073.092139626242,F,NY
25.094636748693116,56052.70930478066,M,NY
29.33702270397228,34914.48299961284,F,NY
35.99651365087641,48717.23306814015,M,TX
29.965243458838007,56575.24820606961,F,TX
19.493365689338674,56427.14430900546,M,TX
35.68562974806027,58438.415084705695,F,TX
24.37696286273895,82274.22538117295,M,CA
39.73592430635182,59070.6860302796,F,NY
25.805757657661967,45116.867294187025,M,TX
50.499344050175395,69281.74336576715,M,NY
27.167467076637628,73789.40977849282,M,NY
31.779384837943244,25447.843697260152,M,CA
43.135172173696695,61948.00139699716,M,TX
22.691356835660446,64023.45484621797,M,TX
37.27459934604129,44048.72993280016,M,NY
48.07142754282428,77514.1362662324,F,TX
18.925167654387725,46998.888259349456,F,NY
36.84633858532304,52511.52906943085,F,NY
37.598827942484235,46538.56351432261,F,CA
42.8182287177731,50311.58095162935,F,CA
22.63049289121918,28074.498262095964,M,CA
21.795433869157236,21198.982348114114,M,NY
40.21941565616898,81890.10126449945,M,TX
37.96984673233186,33060.77303363344,M,CA
37.504928503458764,30172.153010873855,M,TX
38.46448209496976,6932.197727925704,F,CA
28.199752784215093,37220.765046209955,F,CA
37.322536971610035,23538.20413185003,F,NY
37.93072473298681,82840.30320272739,F,CA
27.85648581973632,70196.34178685269,M,CA
53.65774511144757,36236.99309644553,M,NY
39.73832920911788,95048.71610688618,M,TX
23.086965027973513,69635.30973983188,F,CA
41.5655360863383,43503.37232982755,M,NY
25.253183297726785,11.885702528546815,F,CA
42.87084603742452,95818.85145181483,M,NY
46.58595579007404,22208.550664728078,M,TX
26.793176816482895,17092.025060862165,F,TX
44.63376129244322,70451.4086401928,M,NY
39.12780926936498,98795.04812678546,M,NY
43.2206015999449,77685.45637021036,F,NY
53.967929826539475,61278.18240104719,M,TX
32.54611883997129,61895.08683330572,F,CA
27.462638356425103,67068.31117560616,M,TX
26.104855703744768,65178.571795735304,M,NY
26.841897150345616,55623.828479387514,M,NY
34.228982905858956,52084.022079037524,M,TX
38.411519748166434,48748.13744200955,M,NY
37.766907993300194,34920.70822266647,M,TX
43.27183249036024,44386.49846266452,M,NY
35.13001891877907,16140.86371609229,M,CA
49.53534077157317,48033.207464105006,F,CA
32.35343166762044,30228.17785698165,F,NY
62.20169166589619,27928.213655684576,M,TX
41.25667347765006,53597.88302306957,M,CA
26.428424435837176,77840.04572689199,F,TX
24.291075019388877,68366.33212004627,M,NY
39.824724152431855,18589.98792753645,M,TX
32.76537214674149,30207.43726859325,F,CA
42.14000494092092,68815.42375976432,M,TX
39.73237624573545,30350.25212923381,M,TX
34.271710873431275,45507.33700005951,F,NY
26.53206281931595,61001.041980491034,M,NY
19.851527753141355,30633.110902727294,M,NY
30.53485047932979,52107.5101229192,F,CA
43.56398794323472,23319.49010163591,M,CA
37.14093744130204,37972.64712097572,F,NY
22.54261221288012,56395.63868285074,M,NY
36.73180925851182,18140.125329366616,M,CA
38.85317379728837,58809.49475920798,F,CA
26.16142563798867,49607.24402146637,F,CA
36.53725105945528,61049.79908834296,M,CA
35.58208718446,54478.282681293225,F,NY
23.57029702169377,77282.80859947688,F,CA
38.577873603482836,52504.49005295814,M,NY
40.60784526368234,41411.88917749494,M,TX
45.83051243175277,52445.95006064568,M,TX
45.53802052034903,60865.96058072776,F,CA
21.22330632042909,50977.20140651409,F,TX
25.621749600848773,50811.83382407765,F,TX
40.1503526720866,35960.166243864885,F,TX
40.13785950912209,36741.98164898103,M,CA
40.150476863060476,21947.89456400613,F,CA
73.5273149065472,84991.53486373878,M,TX
40.70890510693167,25122.735292174297,F,NY
46.35565640180599,36141.896044081856,M,TX
44.54001763493202,35631.854688616055,M,CA
41.51391251305798,67898.48753888883,M,CA
31.847307553596544,44101.00643415944,F,CA
42.589692204932675,74954.84145347467,M,TX
27.27174785462428,36530.18751512263,M,NY
32.63181393259991,55579.88324447604,F,CA
30.146364521708964,33293.05893480485,M,CA
35.81874139386323,92902.98255546777,F,TX
58.146585666735085,26248.031619409743,F,NY
16.32734807408252,56196.41420454055,M,TX
41.86260190374514,62675.53761864197,M,CA
18.87284128810348,58275.98194902996,F,NY
30.280681342105666,46294.246822445835,M,NY
45.889505969673664,47403.586005331475,F,CA
35.64280019095463,50876.229439582195,F,NY
24.222552220706937,47059.95996743023,F,NY
27.846962907400318,69277.58233589819,M,TX
41.79597748934676,94210.46003182702,F,CA
27.696333682828634,38850.16429984332,M,CA
37.16458589581975,22603.94040841844,M,CA
35.45571839903814,48234.359032974906,M,CA
28.48399652394183,101594.18675308637,M,CA
56.439440893253256,33926.50864060538,F,NY
41.33919022318011,82782.33610888135,M,TX
14.74857413342393,83554.01628152882,F,CA
36.86454314769428,38928.23516584011,F,TX
28.38213535231612,61379.66158370551,M,TX
43.52433334796224,82567.93246257077,F,NY
27.074792615672994,42417.44518025026,F,CA
33.85263558533101,45928.392797952765,M,NY
40.049872789804574,38366.38172102712,F,CA
43.657551941701215,29704.86538614266,F,NY
22.997035929442237,37014.449098679856,F,TX
31.654987641590516,25521.19466475487,F,CA
30.25054688839044,50681.66936518452,M,TX
28.46670767426288,34600.53537882717,F,TX
52.65454240281097,54675.71823581495,F,NY
39.049817109609556,18882.087075927455,F,CA
22.391160456649548,56617.60464428914,F,TX
44.17861947054776,66670.5792321785,M,NY
56.22156197012633,10125.287148570891,F,CA
45.32465260551147,57481.131396951445,M,CA
19.806300340459867,74553.37984946584,F,TX
30.157659271337486,25807.17962617589,M,CA
47.669111491866225,83451.44773675407,M,TX
27.923305343812192,58380.3801873209,M,CA
39.43819428146229,35899.76288483182,M,NY
42.74634053429337,48884.61844684588,M,TX
25.73069528421917,61166.538250434445,F,TX
34.404746439382,51520.10782824823,F,CA
2.5873265993092742,60775.11984892738,F,CA
24.7561235866571,31586.528138412676,M,TX
32.4743184860684,53387.21648072156,F,CA
22.522168180351507,21725.710061900398,M,NY
51.32411303931635,47775.47877302599,M,CA
20.698586220393672,31921.847170704204,F,NY
30.59955513303016,35289.40114820467,F,NY
36.30740577286091,74721.86350420874,M,NY
49.412732890661154,71826.20241188537,M,NY
20.641378488205607,62182.76241814354,F,NY
46.63163752154959,28153.74470654842,F,CA
35.10233061019587,43671.83100610396,F,NY
25.18491348952049,74261.95399958367,F,CA
39.62103474263271,52834.33827279809,M,NY
36.9905969557347,96386.59079963388,F,TX
28.997831228412053,57866.35678788744,F,NY
35.69802084990019,53840.98232980063,F,TX
31.1468640313824,43817.67071594997,M,NY
36.13517345251248,52670.81809564564,M,NY
41.62130674521046,46950.60327238913,M,NY
50.86016816145352,64162.173533771806,M,TX
22.62184501173151,69134.04633589167,F,TX
56.330333746562665,34280.21078984101,M,NY
15.47912200477498,23375.340928844438,F,CA
33.482149049644164,13275.892537934069,F,NY
40.88317206484576,60159.826538250876,F,TX
37.809918677350325,27932.667876522526,F,NY
28.773004801794063,6942.188140950343,M,TX
32.918777496427246,57771.57209061928,M,TX
30.06999065341167,99859.99034865582,M,TX
29.106352430557884,49878.58176920213,F,NY
43.49602097021025,66769.81548903284,F,TX
38.57015485965047,51636.5871709513,F,TX
28.07090404739346,48022.20693617715,F,NY
43.995998754332504,68381.52965975537,F,TX
38.072995208766095,44194.509116226975,M,NY
43.1286211883896,55347.84628143806,F,TX
41.29628841923612,56433.956123920274,M,CA
26.710049890779274,36638.190927139025,F,CA
29.398189598030303,69840.84699073045,F,TX
42.472936051232615,46500.80486609183,M,CA
41.10370265433465,34885.096810143106,M,NY
34.79098406035852,60730.19687140807,F,CA
36.17327383308782,32030.640364179253,F,TX
47.77664895788425,50563.62314738257,F,TX
29.0842861116417,49817.62006711593,F,NY
40.470973811700375,71717.91131663157,M,TX
32.97807347566106,59493.964657599055,F,NY
32.8231879677278,49499.46082509712,M,CA
45.987768519871906,66355.32598400574,F,CA
43.2541634898803,77804.15098034627,M,NY
43.135096360006386,61156.20612703724,M,NY
48.05478807154329,50207.05239686761,F,TX
35.21003841632759,23763.27535299681,M,CA
41.81952971294964,28697.726738492547,F,NY
31.89733243406544,43895.50591290665,M,CA
38.24166352488442,37809.75595681434,F,NY
33.698569456323156,46260.57394029108,M,CA
35.96995964992718,51132.99849794214,F,TX
40.95157025436914,60593.855087134616,F,CA
26.817793167665275,48590.024438818175,M,CA
55.9238727568546,59730.03287652404,M,CA
24.93982618500298,51289.488296202406,M,CA
22.85811387212268,10490.668672922575,M,CA
46.581108735000676,31213.292123624913,F,TX
42.91662693962936,47118.24888556769,M,NY
41.24119817052155,25806.10514317785,F,CA
41.2834550926428,61998.57459992409,M,TX
34.87753227153085,80615.01664687395,F,CA
26.027456285141685,74375.23703394634,F,CA
35.75804558193726,45731.14258139584,F,NY
28.228382884878883,79814.52273699905,F,CA
44.75119733417751,52973.34914404224,M,TX
33.52942618497861,43258.280577639205,M,TX
26.745028032074885,37731.9467291812,F,NY
31.786141583470066,43950.60627023743,M,CA
39.12931454275625,42236.46362917542,M,TX
29.36275447196025,53408.32444750975,F,CA
26.777796044335684,53211.47962099729,M,CA
37.436872114919126,50060.92040306829,M,CA
37.44966571108723,58738.763394926995,M,NY
29.9305682462887,73812.92549572683,F,CA
30.28961694381677,68991.08270882648,M,TX
37.32049937357636,20302.040631001928,F,CA
20.51915658502676,-1078.4226980390965,M,TX
20.925362256234447,68686.39822478547,M,CA
27.81555778747564,22662.42603169158,M,TX
32.86552848288153,45504.69196214633,F,TX
38.10907565598004,26597.73947881281,F,CA
49.75356216949552,13960.391248399606,M,CA
43.576596232020194,60829.25456409576,F,TX
33.40061470036573,65183.10320605294,M,NY
34.80983792097311,38469.791985465614,F,CA
24.97470635362191,-1820.8458428981978,F,NY
34.8148686400761,39075.11103495034,M,CA
32.113413610798624,57836.08010805093,M,CA
38.227185603380896,20421.76862451743,M,CA
26.72769056447677,53667.19839558311,M,CA
40.193465142411725,49693.80301654009,F,NY
50.32738913002578,61585.82999202177,F,CA
33.91239851543143,52391.60736828307,F,TX
39.01711722098941,30538.62118236889,M,TX
41.90143991711113,73931.43003328983,M,NY
30.987795281141636,46829.4085394606,F,CA
37.24092481810417,49453.909209801364,M,TX
35.12592400781795,31334.640818536078,F,NY
35.97676098548832,41134.354976169794,F,CA
27.269902161445334,32303.945719461983,F,TX
35.245101742589426,46541.07880153154,F,TX
39.979982912454496,84234.16960284687,F,NY
49.511436077950414,22561.977141372874,M,CA
44.59270826085207,17728.772042465178,M,CA
56.531824575115564,79423.40654987218,M,TX
27.326524371119504,45813.526456962674,F,TX
43.723206367206785,36618.54522680167,F,TX
36.83342005738352,70798.09374792154,F,CA
56.89802933217672,37887.689205262715,F,NY
26.917017146448487,86520.19427093872,M,NY
26.60278157819224,63558.51742678538,M,CA
29.00607354555978,40241.771837085944,F,NY
13.761042756901931,93146.16426531007,F,TX
29.742449783192388,37885.70153993323,F,NY
27.40867338446302,64841.907440186136,M,NY
36.50393786476208,55985.85160812984,M,NY
38.41755975777159,76034.82578797596,M,TX
53.761708392158866,81230.22393453705,F,CA
44.5042383818605,50640.08298131533,F,TX
29.23096344337597,34931.64259307633,M,CA
26.01585328651642,59199.44285878233,F,CA
39.919191715065054,36445.692604957876,M,CA
21.79766792979358,90267.74495053246,F,NY
53.31458765854354,52730.70662165475,M,NY
46.79440120721287,42693.56897375783,F,CA
30.308243478952953,53693.60611729817,M,CA
17.86865470909122,23057.47420940607,M,NY
48.53872374165413,30567.71922978697,M,TX
33.85460154747382,74008.27815888851,M,CA
47.378163119734616,36862.114420572085,M,TX
19.05572341205633,29061.780346361207,M,NY
29.006249770462272,60733.05505054572,F,CA
35.05243699718183,73714.08309325993,F,TX
35.46980593764742,64379.06621330133,F,TX
30.499345285207564,69920.95371611633,M,TX
41.228499323474985,34864.09822861078,M,NY
24.323795706174057,21563.786665163127,F,NY
33.576205149787064,80026.67303910974,M,TX
36.20295631711899,43546.403223157286,M,TX
40.14438834058749,44983.339670899055,M,NY
42.11614878088889,76563.88283698115,M,TX
23.75357908162131,61124.600188013195,M,TX
19.658858292643778,59117.75544163215,F,NY
47.77676821898509,93300.04689802168,F,TX
38.323140119795916,37129.63539239714,F,TX
27.515134634434464,68556.80256162475,F,TX
50.51151975522523,51140.262497941694,F,NY
36.156746342928585,55371.84557726515,M,TX
46.792971840638266,80569.36852825063,M,NY
35.67518481410109,60156.71512579248,M,NY
55.60747924881987,60765.92158099266,M,CA
52.55340842443204,71450.14674619604,F,CA
32.51035851520926,42700.945409142296,F,TX
44.71570950954355,33215.80665321987,F,NY
41.45375949585148,29103.81611957933,M,CA
48.68631557532348,10672.868212479965,F,TX
25.350765394198955,91124.14259880644,M,CA
41.86051459998439,27935.832685566336,F,CA
45.58424486849588,45574.92752828456,F,NY
17.412605135768857,44463.73400222159,M,NY
23.16741487334225,56148.13395618201,M,CA
14.607678222398995,66314.74425078594,F,CA
32.305931655554424,67209.46976719491,F,NY
42.17542255795962,38338.451228621234,M,TX
50.023570520960284,46657.56572427177,F,NY
35.74094780419775,55651.599009765996,F,CA
51.286155455712915,45026.17747632906,M,TX
21.198985417851087,82146.91152039985,F,CA
17.966175606448452,59819.49903276503,M,TX
34.44452301103381,64697.55572099635,F,CA
38.840654489393074,63257.62537334825,M,TX
34.67305251905907,73469.4771497065,F,TX
14.325578999601234,53620.43117407414,M,CA
34.10879960487212,24063.36104088307,F,TX
21.95530499495147,57993.75903505283,M,NY
41.69672548830039,36972.86212416342,F,CA
38.665982460968486,39427.666365004865,F,NY
25.601202136726446,61727.280375101866,F,CA
29.861330826633065,74765.66142867271,F,TX
24.407864781110483,50425.43153472123,F,TX
34.37320902726828,56176.66025197927,F,TX
44.551423205012384,84044.29889270476,F,CA
25.142739536644562,54815.063589771366,F,NY
40.040465155178445,102033.6622836079,F,NY
29.69742381627559,61310.19291263088,M,CA
27.071271677376558,14784.744816883645,M,CA
33.929696400454425,65066.83242209065,F,NY
24.647576775806257,57623.167697655554,M,NY
29.46350694652818,75795.05508165492,F,NY
23.021221074111516,63463.62702539917,F,NY
54.64725132916389,47230.880320324526,M,CA
35.35263551971729,25514.035274212685,F,CA
28.002744920074147,45819.534854279496,F,TX
37.13979910734222,32989.590915814006,M,NY
33.87671950309171,38389.53100390555,M,TX
32.790304004667775,61771.56808841219,F,CA
41.14166700043425,83398.09008702812,M,CA
42.57507710047305,57893.43059645962,M,TX
29.694988523894725,26082.33875929631,F,NY
29.2418175935532,58892.05336440281,M,NY
32.24948302848356,73932.62973291302,M,NY
11.98078835264415,37804.341913612356,F,NY
19.84808937801448,47319.65666654165,M,TX
48.66874267444524,50293.76389458394,M,TX
51.449677135012834,34302.0337383552,F,CA
32.50963960443622,62965.60867687718,F,NY
40.765569630557664,47581.037027844366,F,NY
38.112501545435364,58390.64887814056,M,NY
65.78880808455237,32250.156443958,F,TX
46.195749114345766,41250.83399353179,F,NY
33.72082408519233,64447.62715655543,M,TX
25.444595593995743,42543.33695816466,F,NY
18.935536797424277,84539.2770246681,F,NY
37.03463635867223,42007.27628770795,F,CA
27.436492547156966,54493.69451503772,F,NY
20.77746290402326,68651.8166374618,M,NY
28.534271157574732,21632.685341339366,F,CA
24.184519963856047,14783.823760384483,F,TX
51.871416350725646,19486.873708598105,M,TX
43.816397569494505,75251.68206854364,F,NY
34.92027358683383,38962.83708215106,M,TX
49.79944138890026,101163.98571336505,M,NY
35.77368307647618,38715.04802685223,M,CA
26.387157986717362,53691.02606394074,F,CA
50.23124077269657,80842.19905135751,M,NY
40.38910043684659,90121.85776318246,M,CA
24.627538456735437,91230.07153272796,M,CA
33.09661321916392,74167.32461186284,F,NY
26.243817466152425,70481.25051622925,F,NY
21.17200269035664,61850.53898402366,F,CA
44.26177547531641,65567.22152333276,F,TX
54.094166404701305,38976.28567342933,F,TX
21.01432426180859,33636.02233155385,F,NY
40.62969236690571,49932.51085178096,F,NY
28.493574308781728,46596.307549501435,M,TX
30.12874616235304,40935.439013454496,M,CA
29.07606075761131,63927.74894913431,M,TX
26.36009230320184,69106.10417141022,M,TX
35.48521627944827,51768.13772583695,F,TX
26.69049883588962,79550.60162110523,M,TX
37.704568257798385,27166.2177173299,M,NY
34.49761890550863,46126.81081440564,M,NY
32.6105195313359,35663.553587943905,M,CA
25.924363379584022,12669.267658538802,F,CA
29.232286694316674,48346.386283146014,F,CA
42.55391225825756,47565.04983233433,F,CA
40.009171876243805,80268.99486484262,M,TX
25.22444755201449,62616.23369109555,F,NY
35.99332305429226,29516.263513415903,M,NY
42.51387123371789,87081.85132668377,F,CA
18.305947188786284,74420.67391050706,F,CA
40.43360192379935,61641.95406937232,F,TX
28.373762410541534,45470.31802300336,F,TX
40.70598668593159,30811.21526553041,F,CA
27.36740843457483,42555.864478578944,M,NY
16.95117899335481,71774.97239408371,F,NY
18.724575621168373,87691.72611869217,M,NY
35.48084946661382,80864.87056544378,M,CA
37.59722501721482,40223.011564274515,M,NY
25.956833748955916,27607.651334219776,M,TX
41.38592458777374,52817.72493822408,M,TX
18.3847993773104,14631.212688742968,F,CA
34.33920201352684,56463.354283695626,F,TX
22.889838002375434,47047.948274026625,F,CA
28.48163892197841,40679.26996263515,F,NY
35.47398671316414,18105.938654664093,M,NY
26.395866347160474,60272.00213139433,F,NY
31.154444557701748,39345.983206761775,F,TX
45.0629280921444,26601.66328579424,M,CA
29.231081304768512,-7445.244265632987,M,NY
43.35692112065142,49449.701898987274,F,CA
23.70293145342382,85445.03193339489,F,NY
40.298041779152825,83225.1842909574,M,TX
49.415686206579004,40858.07486827456,F,TX
10.283554998727107,37955.75879276439,F,CA
27.031047445295233,59375.485121500475,F,TX
40.7707212718054,30032.29121623417,F,TX
32.96954613957007,56035.83799638932,M,CA
38.71145873371309,65321.605567693805,M,NY
28.960148132841795,74538.66447768615,M,TX
35.865897874729,47996.918470400946,F,CA
33.44322764607921,45926.524996460685,F,TX
46.677820616598076,32440.34826486878,F,TX
37.54420843301213,33462.3929192028,F,TX
38.37602662075202,45470.422161969465,F,TX
30.881230338775325,57347.31013632356,M,CA
30.123937759275066,68271.69252466499,F,CA
30.67441812180379,33936.4209863931,F,CA
38.944521423782966,79853.77137919044,M,TX
30.79015519179737,44577.527979148625,F,TX
37.897748568964126,49572.654113031276,M,TX
55.75400798645438,35055.76641704353,M,CA
43.711247034316926,1515.1947945411682,M,TX
31.73976467832159,67680.907927221,M,NY
47.01213922163945,64736.87794184867,M,TX
30.919246269784487,44373.44885763573,F,NY
14.618754648221461,51339.81434449744,M,TX
24.91913689082596,60318.78435408199,M,CA
16.292080789741444,18749.082862269148,F,TX
31.484865159586914,39418.9464530741,F,NY
35.184183791895514,65885.29359243654,M,NY
51.76437312275283,24914.21153661501,F,TX
38.269273737641626,55871.15864333259,F,NY
32.80899471191136,22868.3639075319,M,NY
43.294055811834895,59328.599648670526,M,CA
12.88864690992115,49287.17035405033,F,TX
37.35614558108566,17697.363681889812,M,TX
42.70865193886967,73294.78708914343,M,TX
20.214137542201584,35308.16846403902,F,NY
46.43754043206929,33794.95125971238,M,TX
38.38496407494414,54011.38394461886,M,TX
30.847120860991986,72972.7469885743,M,CA
41.32781866106285,29683.56362043206,M,CA
57.70692857804396,51233.59699695943,M,CA
36.81866255058495,58576.33000661146,F,NY
37.48220586300336,63862.11214526288,F,TX
30.40639100459756,53528.8311055445,M,CA
26.501556305352082,42659.44321833355,F,CA
43.303358165442454,33448.195587025606,M,CA
26.439161740911327,51722.877660927494,M,TX
35.715662372193925,28557.219760287862,M,TX
30.223425532348834,-8427.009669892148,M,TX
39.78979825746392,58731.19608315336,M,NY
38.33662105286948,68078.6968217239,F,NY
45.375399442578995,2741.3512891632317,F,CA
29.89983601145253,29805.38590580125,M,TX
32.30125064706629,62383.08522010395,F,CA
25.212362842176926,91149.90939423397,M,TX
30.557067399238885,50415.87415350816,F,TX
38.77300493044852,35439.94117541731,M,TX
42.56988616645352,46342.0711779032,F,NY
25.778346758223744,77497.52838296369,M,NY
43.6960592010566,37080.71641750929,M,TX
48.55637858804951,34016.15986699493,F,CA
39.13434903223701,40345.12955635935,F,TX
53.76795812558066,30933.427834825754,M,TX
27.26210800896427,52453.40631989591,F,CA
22.55345296688583,82493.56916939121,M,TX
17.212797510957213,56461.58546232058,F,CA
49.96044311489183,44952.92995747425,F,NY
41.54365656354058,44163.77462168912,M,NY
34.44415329089545,18736.18382606686,F,CA
37.799686263198204,67662.19554294318,F,NY
23.745109527016236,48443.25605974396,M,NY
59.45751979616826,46390.401728187484,F,CA
36.292211819752275,113862.15135689722,M,NY
36.09394794604893,55975.05816731373,M,TX
42.25766623898692,34964.178998096315,M,TX
39.81009231736713,41472.84807588913,M,CA
37.23884024279131,72968.91418393509,M,NY
27.09525544554688,52265.40821075529,F,TX
39.714683571359956,21234.440433652668,M,TX
53.82024496475034,68384.57869150407,M,NY
48.454200461549775,36637.11828922012,F,NY
50.931866266393975,87465.95552435091,F,TX
29.88784323568815,71600.96131429297,F,TX
25.10395179741419,41053.562086824975,M,CA
33.74213079900352,75620.32723470226,M,CA
35.557249122886944,51357.11021054807,M,TX
45.94191518470949,67055.4735024444,F,CA
18.075353702851807,59694.656345889496,M,TX
50.295503194606134,33072.86690018253,F,TX
33.419921014210104,37129.00335365076,M,CA
30.7311893005258,70599.21635162322,F,CA
24.87895624739832,43304.493357869185,M,NY
18.451433281342304,41927.030735160064,M,NY
43.231705839619146,30897.54841301294,M,NY
35.73317967188404,58471.98131186922,F,TX
22.10039100258946,91250.4983848629,F,CA
22.04921227936384,28649.341714914543,M,TX
31.642153007098717,50484.38913345516,M,CA
51.69021525289393,78244.41110830859,M,TX
32.40408648636395,48407.172175085696,F,NY
19.96857046881894,59047.43592499469,M,NY
32.54256935914056,28752.129437062405,M,NY
32.2727643025233,58566.14194415297,M,TX
8.031133570584284,46257.11469990903,M,CA
34.45705133482188,69714.59991359725,F,CA
32.69065469791322,73747.72103129502,F,NY
41.96206364813418,101791.27284037227,M,NY
53.48956094945345,61592.663464271514,M,NY
46.26565029547757,56515.92633164333,F,NY
32.31111309445169,53887.68603154672,F,CA
23.934740912583298,42936.67414378624,M,TX
60.733598032498605,56769.67686923382,F,TX
35.59218434014488,44091.97179721941,F,TX
35.13929291912946,53369.219525392284,M,TX
34.758749128899964,76351.95071215919,F,NY
36.980847607678555,29869.148694407177,F,NY
33.556395880760576,72797.57122258091,M,NY
29.263379931197637,76342.3013467973,M,TX
29.531410587596078,47638.629460178425,F,NY
34.672467297840015,7562.902019828109,M,NY
29.56575228866235,37843.56025811135,F,CA
27.871542173228356,75939.89093122218,M,CA
36.064302276918966,49542.63875402236,F,NY
32.45022782579145,30013.955354101785,M,CA
50.039929885826886,39904.50157543565,F,CA
8.49030191606988,66812.40053009106,F,NY
45.91506851922462,60934.671364027585,F,NY
47.46085192497629,45221.35801660611,M,NY
14.266097675918505,42663.51176370624,M,NY
31.573124059196513,42164.83701912356,F,TX
31.285591340042085,31551.79631002995,F,TX
20.924883052821787,82307.51378938883,M,NY
27.221833124091248,43553.5906157732,M,CA
23.894241545341714,74343.17041650994,M,NY
52.522704434236225,80426.32103844902,M,NY
44.35678393147461,69966.21796295921,M,CA
47.71555094994159,41367.59374563903,M,TX
42.21672064043235,58074.601806732186,F,NY
23.70948228782771,49516.08787218168,M,NY
29.754797337202262,31925.962785397438,F,TX
39.89374561227918,56487.18563443206,M,TX
22.778721911080545,26419.20417680395,M,CA
42.12998430172388,73753.58776923128,F,TX
32.59674601841865,40707.65405403214,F,TX
31.251791924504026,54023.19311745679,M,TX
42.10959968203492,55665.757430922844,F,CA
39.4426331148604,44821.900525918456,F,TX
31.3903383418092,61733.876029505496,F,TX
46.59329803364248,40501.92686754951,F,CA
24.189366724001026,67425.94594914488,M,TX
41.15935606944264,23080.40639506503,F,TX
40.93101257968384,52527.591590928234,M,CA
31.904535606860097,88778.57998116569,M,NY
38.26133022242118,29993.373507888504,M,CA
22.488864236146966,36445.10058950297,M,TX
44.24027019206901,60278.1569931783,F,TX
33.15097863557011,53591.63563879196,F,TX
29.772769794809605,57012.601985471185,M,CA
45.49009225836889,59783.74260295327,M,TX
27.956563094572406,62694.4293712354,M,TX
20.915387036364404,72193.99683912446,M,CA
19.433708264760963,58196.37313857025,F,NY
41.06009951345639,45174.84690762915,M,NY
22.19570647503717,63451.47402405462,F,TX
52.54794181984364,87997.6386979043,M,CA
14.18070592116278,47347.32507234853,M,TX
51.96456368290038,30509.41390658717,M,CA
37.11017467202618,72141.61338573946,M,CA
34.032868881296075,47592.376720928034,F,NY
29.550809131910505,6546.609079719276,F,NY
38.991361143520706,66948.43354300843,F,CA
34.62365297575152,39293.436280921545,M,TX
46.03301882016522,48189.33435391678,M,NY
36.142276486620396,56639.606611380295,F,TX
36.50301761461878,53809.993595581334,F,NY
31.36387787786144,64189.03634278079,M,NY
34.43054376278933,41290.27258860313,M,TX
38.07801768892059,60262.11596352165,F,NY
17.898316073433747,44809.06644832165,M,NY
21.51814577894287,64776.20961775006,M,TX
42.43264094022715,62307.34968026107,F,NY
36.708654381279416,31291.225959108095,M,NY
33.16016663647321,71719.64232350064,F,NY
35.184339330653934,39280.73109771904,M,TX
38.47581705361671,66161.15596562291,F,CA
29.602403196906383,57345.746268026815,M,TX
27.216952745976872,86763.67353590245,F,CA
36.958452550976816,45530.68035256296,F,NY
25.21627222384968,43013.66407763605,F,CA
39.082527557144715,49611.60788224535,F,TX
17.974163957621595,43936.4043433145,M,TX
45.291556373256434,65998.838038841,M,NY
39.72597482413043,17673.78783126824,F,CA
37.56029734313876,28926.351617072913,M,NY
44.82690983945514,28643.94156841614,M,NY
51.65474444462576,69006.15183947151,M,TX
45.1437006501813,84212.2674516385,M,CA
16.591257686683548,47911.01562925057,M,CA
22.204230332642986,46623.565536199785,F,CA
28.751814223043212,51401.04326226363,F,CA
35.26091050210834,73237.5660521638,F,NY
40.17659020469123,31452.93731618852,F,NY
27.742561868465344,54767.3796546957,M,TX
36.86766764477078,69503.95259564859,M,NY
27.446170676466775,60021.8833987969,F,NY
28.884821970080516,53791.63233197487,M,TX
20.933389031517777,70020.92185134282,M,TX
25.767667538890958,-4064.6458599847433,F,TX
21.483153943836662,63557.50639061815,M,NY
25.241267470226674,36918.486337451526,F,NY
45.536417966078396,13387.34206287086,F,TX
25.50601111168057,60224.05199049961,M,TX
61.32382064837391,77473.17090325916,M,TX
39.93317900880889,47251.02970744616,F,NY
36.84836123694874,69057.49094405877,F,NY
26.416422198187867,82245.56515977292,M,CA
42.00309879408991,76298.28907168095,F,NY
29.24362173762226,82799.29058742785,F,NY
36.220098146453616,64842.549821437846,F,NY
60.60084538268795,51508.672778031854,M,TX
34.0394010027535,17960.68376205663,F,NY
46.49273326285676,45078.75023740103,M,TX
27.968235748741126,33135.06809367617,F,CA
34.65011509503038,93418.85434995628,M,CA
52.7080063563551,46482.283751353265,F,TX
28.730329422122328,52464.09613568972,M,TX
53.12448557996929,61029.70752080935,M,TX
42.07751935455475,50872.048927449076,M,NY
29.375332241057322,83901.02080861507,F,CA
41.32407739055521,37547.01276531096,F,TX
44.7255444962673,53892.14910474485,F,NY
41.21809962217196,35150.588286039034,M,CA
19.297752801095434,23599.549775585885,F,NY
27.728628241751313,37764.61818189429,M,CA
32.52481364448495,49259.26405903176,F,NY
34.25566570899954,41413.9555096548,M,CA
41.20672097550678,36151.58040252288,M,CA
36.777010009332535,21873.650726563323,M,NY
21.64655641289899,48337.888547426104,F,TX
38.801978510059634,19905.592519379956,F,CA
41.10585745283823,65201.11927379205,F,TX
40.5979044793104,51648.79505869006,M,NY
45.807807255546216,20848.97001070139,M,TX
43.33922154548904,43815.81845900273,F,TX
39.59180079228437,34956.87188818834,F,TX
34.29834288541353,56383.490208383606,F,TX
18.39039066484009,76809.00892046289,M,TX
39.29618219132586,12496.550607085108,M,CA
37.076876871631114,52300.52158294834,M,CA
37.715788371953735,46797.344088667196,M,CA
22.232514241796903,63426.80152900931,M,NY
24.189434595917376,54263.932564753784,F,TX
45.53152853332904,34960.61336522362,M,CA
34.60444846143345,43618.92128666764,M,NY
41.81500697372624,34079.48286393022,M,CA
35.28318376130459,71520.14277197196,M,CA
35.297561394957434,50426.23297343885,M,TX
44.382838059759976,88023.81371506015,F,NY
29.839552717826262,48786.78372370759,M,TX
35.96120776940983,35831.86466179074,M,TX
30.377247112949572,19725.712147743456,M,CA
30.655037725676845,13937.206474881099,F,TX
31.908278765313607,18317.281139890205,F,NY
37.221337716337125,55342.53302022967,F,TX
30.212513783365228,60174.50046459868,M,TX
47.55756125573521,18376.18595935733,F,TX
26.05392697780496,67900.76628152232,M,CA
33.13128355838641,40338.77896633121,M,NY
30.60268941725825,52935.860239710986,F,CA
49.46977884353733,82244.41256510849,M,CA
36.965547765115744,67936.78631731063,M,CA
45.31844539468635,44629.387041883354,M,CA
20.14439626963028,32176.15549169425,F,CA
37.67050265869259,6963.691973413901,M,NY
43.896307956234374,35616.933615151596,M,TX
35.82283989275424,45777.39522344611,F,CA
45.654803750653514,30256.409456976326,M,CA
29.827115498996278,47374.860658153906,M,NY
49.0934744018558,51537.03765917537,F,NY
57.9889812361925,45502.88036383843,M,TX
31.37161439560341,36999.948383530806,M,NY
30.54497478599228,53373.09343933455,M,TX
49.53384477117701,58838.81299138818,M,CA
50.795721457307124,28192.018451143078,M,CA
29.771399728467316,78218.6475949254,F,TX
30.798131829041424,48028.23735431476,F,NY
32.18215391139493,50376.99245889695,F,TX
21.55549488965723,64164.28846513115,F,NY
25.813480535158018,54664.32262527003,M,CA
24.95859233247932,69062.7326782649,M,NY
27.322024348958717,55742.48330403648,M,TX
34.65315112613219,37751.25250719124,M,TX
37.342147325365204,57230.070504122035,M,CA
50.50500492814077,27125.475853586766,F,NY
25.01645959261209,52171.19411553046,F,NY
44.843223984765835,49335.40018711078,M,NY
32.86011155774491,45837.662854549206,M,CA
34.50536290347567,47429.24977122139,M,NY
41.748194921666034,12363.019090047219,F,TX
23.772779784377015,39025.50184518077,M,NY
38.82409746184051,51856.89802282229,M,CA
36.66452208213056,53197.12783994801,M,NY
39.92451264008149,29446.497181480838,F,NY
37.89168643907818,75314.156817294,M,TX
59.55300139910894,32676.503035709986,F,NY
28.62260015748684,69389.14401053474,F,TX
29.690030449981823,58543.8872374337,F,TX
28.768594735752355,37075.45380312394,F,CA
29.445228808397452,85506.21785219024,F,TX
28.626128726934823,26127.2633648704,F,TX
46.89016531107552,68383.08347220003,M,CA
49.20504247989855,70011.64636085957,M,TX
29.292537062505236,36587.5958184671,M,CA
26.676444268957713,77849.30600128658,F,NY
39.71415556386404,44999.06970802094,M,CA
29.477769557190285,55773.87258559714,F,TX
41.32931817755511,55206.436775424416,F,CA
37.029230208513,47313.82517058904,F,TX
19.84255885002768,66216.16546319565,M,NY
50.47505201330062,65869.77441104426,F,CA
52.958776730955215,15029.360535236385,F,NY
28.87211309515614,76086.80485756305,M,TX
31.12298440064016,16750.160239286513,M,TX
37.85865390724905,70650.92408683314,F,NY
38.34456789987025,72534.10273655166,F,CA
41.5854427267283,28180.671395696034,M,CA
55.102045387663495,41783.7142409083,M,TX
33.2305277250595,27885.906630281286,M,NY
27.017027554615463,45701.57939422529,F,NY
21.206807719854726,43839.31431628518,M,CA
27.69069960058081,65593.2106453868,M,CA
34.66873027126203,76206.17492239218,M,CA
52.945578635177874,77913.67621579913,F,NY
29.823887009638284,38756.63946843396,M,CA
37.237879516388986,45815.562525109446,M,CA
34.83577103927248,16331.236155580998,M,TX
46.88393273448084,33882.59867007623,M,CA
60.26932425873622,69297.03266194915,M,CA
29.691312270796793,82311.65647096463,F,NY
30.10560557481778,25313.02256240156,F,NY
45.44160877069072,38150.71481694211,F,TX
41.81891489626312,49471.88486082146,M,CA
53.46707325736033,55603.22317639213,F,TX
40.83928185325964,33807.92960156708,F,NY
31.407079092129404,58481.220889281794,F,TX
40.90654830692309,40523.21305858168,M,NY
46.087035805829075,49710.95458243442,M,TX
43.204821811973645,60925.68496007399,F,TX
40.07274031107298,50128.445396218754,F,CA
45.66674689589154,41272.28218946863,M,TX
46.692955904456724,47807.803921483384,M,CA
48.82158991037527,48232.74081589329,F,CA
41.48709887589643,42599.77940235744,M,CA
33.328819196831454,44824.07874665795,F,CA
36.46713686433323,81972.94341009433,M,TX
47.06508966508357,61218.38895882478,F,NY
26.83064329012764,44090.39363941679,F,NY
38.686733088729014,63939.08809021471,M,NY
31.066611876726395,43323.6102048798,F,TX
35.28744822934817,73462.49275173283,F,CA
47.78451862607299,57392.84384396188,F,NY
36.910990680199035,47853.95711991542,M,TX
35.46436548156149,58954.33851620555,M,CA
21.401438590200808,18582.476958630014,M,NY
42.46253566027221,27464.650621803896,F,CA
41.45484181141075,26121.499872018892,M,NY
56.6325472330546,52858.86189527414,F,NY
31.922217650469996,84650.29998970185,F,NY
37.19150327663939,94626.00292385265,M,CA
37.49383683710755,62761.02202881515,M,TX
50.77453279763474,60016.88949888914,F,CA
34.047044676130476,13978.84531694522,F,NY
37.790215257703395,39146.52400531957,M,CA
41.078965097165394,34244.32496183522,M,TX
36.86609123156358,37583.04803497768,M,CA
30.535663854494718,46637.12362830421,F,TX
36.94089992898308,40558.18844605746,F,TX
45.73631749859772,10414.003792484245,F,CA
24.7348470058894,64958.20512235068,F,NY
36.32969674146876,28545.13948520387,F,TX
27.998791850608267,54784.93728222299,M,CA
46.950466289248425,91481.65339499946,M,TX
19.768130952162252,31612.30816827153,F,NY
29.410781527284115,-605.7504549265947,F,CA
38.772118750645205,44279.915562397786,M,CA
50.65524029234341,72019.19269997142,M,CA
34.34249738927012,89166.94908441188,M,NY
29.448004733068018,25409.00811095166,M,TX
53.8115706944059,59933.984464730434,F,CA
20.51986099583756,40693.790864398936,M,TX
13.01194043379918,47881.03291391729,F,TX
39.40014450053332,102886.8669403407,M,NY
29.979457756473888,19940.593432096935,M,CA
24.78767182869287,55074.79322989147,M,TX
42.08356447299353,59353.86343530866,F,CA
37.43800713771199,71715.72649878694,F,CA
29.359213692632718,51959.66306941791,M,NY
22.196956013291057,56161.010790082044,F,CA
43.724573282801444,42167.028651564186,F,CA
41.50201177958661,55382.53882490215,M,TX
34.00824136220617,43136.15449005179,M,NY
53.466369960476655,62431.43779712102,F,CA
24.299152336738473,42607.79327912732,F,TX
19.74474829075261,57542.00787804373,F,NY
28.080919301187556,49414.74372630043,M,NY
34.54413983644502,72521.00501544336,M,TX
37.43339449322692,48972.12552823027,F,TX
32.5876394214367,14539.35063586237,M,TX
38.520553965142966,75238.43001427983,M,TX
22.484605758095558,31885.353982747623,F,TX
49.437646040732595,36924.6732270236,F,CA
34.178488216074314,38086.77411913016,M,CA
46.17295831588128,77488.76186341635,M,NY
38.42725346377704,7286.515720426081,F,CA
39.567532191537836,112754.97067319989,M,CA
40.69767280232204,71121.13618132104,M,CA
39.47708560017315,54464.7782825832,F,TX
41.42722759867544,48902.119987674276,F,NY
48.29152530132431,55711.081497153136,M,NY
36.9652116970147,60422.44856758677,M,NY
42.09003757588512,62904.31171900115,M,NY
34.102643057127736,61112.08932006897,F,CA
49.40117215449473,51791.613625104976,M,CA
28.236076979407304,46053.23159385348,M,TX
53.00940432910816,46974.53432692977,F,NY
34.59842049355657,46101.83439294638,F,CA
20.692248978819517,72675.40193734129,M,CA
36.28104414910789,61871.13444561724,F,TX
28.18948342525119,-8807.772693285604,F,TX
43.406435489887244,63118.01553059522,M,TX
28.47376020697609,53894.7238943755,F,CA
30.5381656678522,49625.82487108205,F,CA
16.104592690544692,42229.63093822228,M,TX
30.476936807509233,72482.25439972027,F,NY
10.761206733710434,68950.52924245715,M,TX
19.16097176514277,34542.446643527815,M,TX
42.604146561442974,58141.0457424907,F,TX
42.85800158650832,30566.86530917428,F,TX
39.254575617849646,22407.636704221393,F,CA
25.33023856870787,37465.655508200696,M,NY
34.5228864385802,67247.86944765518,F,TX
34.963974609094315,69062.50090752174,M,NY
23.416353108074578,60261.708401945856,F,NY
50.0339830176715,64501.91573695994,F,NY
43.77362290575672,60323.565742299164,F,TX
32.79035826170336,37170.36809554096,M,CA
35.26885838994531,58638.45089347881,F,TX
37.08382807947552,66008.19050455366,F,NY
14.582651315757094,65085.82659627149,M,NY
32.52822617479403,73778.26742949286,M,CA
28.180157520022014,64166.076944021275,F,TX
24.983799901050844,57028.964150831656,F,NY
32.18899707114045,71403.00476632855,F,CA
52.976865268495224,49469.5748150188,M,NY
41.4084286126701,32362.506975445638,M,CA
29.28821010217203,46738.660721124725,M,CA
40.72582781356159,35101.94710387102,M,TX
